<?xml version="1.0" encoding="UTF-8"?>
<root>
  <item name="me.imid.swipebacklayout.lib.fab.FloatingActionButton int getColor(int) 0">
    <annotation name="android.support.annotation.ColorRes" />
  </item>
  <item name="me.imid.swipebacklayout.lib.fab.FloatingActionButton int getDimension(int) 0">
    <annotation name="android.support.annotation.DimenRes" />
  </item>
  <item name="me.imid.swipebacklayout.lib.fab.FloatingActionButton int getType()">
    <annotation name="android.support.annotation.IntDef">
      <val name="value" val="{me.imid.swipebacklayout.lib.fab.FloatingActionButton.TYPE_NORMAL, me.imid.swipebacklayout.lib.fab.FloatingActionButton.TYPE_MINI}" />
    </annotation>
  </item>
  <item name="me.imid.swipebacklayout.lib.fab.FloatingActionButton void setColorNormalResId(int) 0">
    <annotation name="android.support.annotation.ColorRes" />
  </item>
  <item name="me.imid.swipebacklayout.lib.fab.FloatingActionButton void setColorPressedResId(int) 0">
    <annotation name="android.support.annotation.ColorRes" />
  </item>
  <item name="me.imid.swipebacklayout.lib.fab.FloatingActionButton void setColorRippleResId(int) 0">
    <annotation name="android.support.annotation.ColorRes" />
  </item>
  <item name="me.imid.swipebacklayout.lib.fab.FloatingActionButton void setType(int) 0">
    <annotation name="android.support.annotation.IntDef">
      <val name="value" val="{me.imid.swipebacklayout.lib.fab.FloatingActionButton.TYPE_NORMAL, me.imid.swipebacklayout.lib.fab.FloatingActionButton.TYPE_MINI}" />
    </annotation>
  </item>
</root>

